fid,gid,nam,provincia,name_es,in1,id,fdc,sag,value
"1","373",Junín,San Luis,Junín,"74049","1032",Dirección Provincial de Estadí­stica y Censos. San Luis,INDEC,"40361"
"2","371",General Pedernera,San Luis,General Pedernera,"74035","1033",Dirección Provincial de Estadí­stica y Censos. San Luis,INDEC,"148875"
"3","77",Ayacucho,San Luis,Ayacucho,"74007","1034",Dirección Provincial de Estadí­stica y Censos. San Luis,INDEC,"23913"
"4","41",Gobernador Dupuy,San Luis,Gobernador Dupuy,"74042","1035",Dirección Provincial de Estadí­stica y Censos. San Luis,INDEC,"14343"
"5","370",Juan Martín de Pueyrredón,San Luis,Juan Martín de Pueyrredón,"74056","1036",Dirección Provincial de Estadí­stica y Censos. San Luis,INDEC,"261697"
"19","10",Las Flores,Buenos Aires,Las Flores,"06455","1050",ARBA - Gerencia de Servicios Catastrales,IGN,"27239"
"20","11",Rojas,Buenos Aires,Rojas,"06686","1051",ARBA - Gerencia de Servicios Catastrales,IGN,"25627"
"21","12",Escobar,Buenos Aires,Escobar,"06252","1052",ARBA - Gerencia de Servicios Catastrales,IGN,"256268"
"40","34",Vicente López,Buenos Aires,Vicente López,"06861","1071",ARBA - Gerencia de Servicios Catastrales,IGN,"282281"
"41","144",Curacó,La Pampa,Curacó,"42042","1072",Direc. Grl. de Catastro,IGN,"1116"
"42","155",Antártida Argentina,"Tierra del Fuego, Antártida e Islas del Atlántico Sur",Antártida Argentina,"94028","1073",SCAR,IGN,"81"
"43","80",Tulumba,Córdoba,Tulumba,"14175","1074",IDE Cordoba,IGN,"14134"
"44","81",Cruz del Eje,Córdoba,Cruz del Eje,"14028","1075",IDE Cordoba,IGN,"67112"
"6","484",Chacabuco,San Luis,Chacabuco,"74028","1037",Dirección Provincial de Estadí­stica y Censos. San Luis,INDEC,"26557"
"7","482",Libertador General San Martín,San Luis,Libertador General San Martín,"74063","1038",Dirección Provincial de Estadí­stica y Censos. San Luis,INDEC,"4691"
"8","183",Belgrano,San Luis,Belgrano,"74014","1039",Dirección Provincial de Estadí­stica y Censos. San Luis,INDEC,"5583"
"9","483",Coronel Pringles,San Luis,Coronel Pringles,"74021","1040",Dirección Provincial de Estadí­stica y Censos. San Luis,INDEC,"16049"
"10","1",Concordia,Entre Ríos,Concordia,"30015","1041",ATER - Direc. de Catastro,IGN,"198802"
"11","2",Federal,Entre Ríos,Federal,"30035","1042",ATER - Direc. de Catastro,IGN,"29667"
"12","3",Gualeguaychú,Entre Ríos,Gualeguaychú,"30056","1043",ATER - Direc. de Catastro,IGN,"126147"
"13","4",Islas del Ibicuy,Entre Ríos,Islas del Ibicuy,"30063","1044",ATER - Direc. de Catastro,IGN,"14000"
"14","5",Victoria,Entre Ríos,Victoria,"30105","1045",ATER - Direc. de Catastro,IGN,"40652"
"15","6",Diamante,Entre Ríos,Diamante,"30021","1046",ATER - Direc. de Catastro,IGN,"53595"
"16","7",Uruguay,Entre Ríos,Uruguay,"30098","1047",ATER - Direc. de Catastro,IGN,"116356"
"17","8",Paraná,Entre Ríos,Paraná,"30084","1048",ATER - Direc. de Catastro,IGN,"391696"
"18","9",Saladillo,Buenos Aires,Saladillo,"06707","1049",ARBA - Gerencia de Servicios Catastrales,IGN,"35656"
"22","13",José C. Paz,Buenos Aires,José C. Paz,"06412","1053",ARBA - Gerencia de Servicios Catastrales,IGN,"326992"
"23","14",San Antonio de Areco,Buenos Aires,San Antonio de Areco,"06735","1054",ARBA - Gerencia de Servicios Catastrales,IGN,"26897"
"38","32",La Costa,Buenos Aires,La Costa,"06420","1069",ARBA - Gerencia de Servicios Catastrales,IGN,"100689"
"39","33",Magdalena,Buenos Aires,Magdalena,"06505","1070",ARBA - Gerencia de Servicios Catastrales,IGN,"26830"
"24","15",Maipú,Buenos Aires,Maipú,"06511","1055",ARBA - Gerencia de Servicios Catastrales,IGN,"11323"
"25","16",O'Higgins,Chaco,O'Higgins,"22112","1056",Direc. Pcial. de Catastro y CartografÃ­a,IGN,"21579"
"26","17",Moreno,Buenos Aires,Moreno,"06560","1057",ARBA - Gerencia de Servicios Catastrales,IGN,"576632"
"27","18",La Matanza,Buenos Aires,La Matanza,"06427","1058",ARBA - Gerencia de Servicios Catastrales,IGN,"1841247"
"28","22",Tandil,Buenos Aires,Tandil,"06791","1059",ARBA - Gerencia de Servicios Catastrales,IGN,"145575"
"29","23",Coronel Suárez,Buenos Aires,Coronel Suárez,"06203","1060",ARBA - Gerencia de Servicios Catastrales,IGN,"42110"
"30","24",Adolfo Gonzales Chaves,Buenos Aires,Adolfo Gonzales Chaves,"06014","1061",ARBA - Gerencia de Servicios Catastrales,IGN,"12914"
"31","25",Bahía Blanca,Buenos Aires,Bahía Blanca,"06056","1062",ARBA - Gerencia de Servicios Catastrales,IGN,"336574"
"32","26",General Alvarado,Buenos Aires,General Alvarado,"06280","1063",ARBA - Gerencia de Servicios Catastrales,IGN,"45526"
"33","27",General Pueyrredón,Buenos Aires,General Pueyrredón,"06357","1064",ARBA - Gerencia de Servicios Catastrales,IGN,"667082"
"34","28",Mar Chiquita,Buenos Aires,Mar Chiquita,"06518","1065",ARBA - Gerencia de Servicios Catastrales,IGN,"33110"
"35","29",Villa Gesell,Buenos Aires,Villa Gesell,"06868","1066",ARBA - Gerencia de Servicios Catastrales,IGN,"37463"
"36","30",Pinamar,Buenos Aires,Pinamar,"06644","1067",ARBA - Gerencia de Servicios Catastrales,IGN,"39449"
"37","31",General Lavalle,Buenos Aires,General Lavalle,"06336","1068",ARBA - Gerencia de Servicios Catastrales,IGN,"4870"
"45","82",Punilla,Córdoba,Punilla,"14091","1076",IDE Cordoba,IGN,"221273"
"46","48",Salliqueló,Buenos Aires,Salliqueló,"06721","1077",ARBA - Gerencia de Servicios Catastrales,IGN,"9427"
"47","49",Berazategui,Buenos Aires,Berazategui,"06091","1078",ARBA - Gerencia de Servicios Catastrales,IGN,"358712"
"48","50",General Güemes,Salta,General Güemes,"66049","1079",IDE Salta,IGN,"56166"
"49","51",San Carlos,Salta,San Carlos,"66154","1080",IDE Salta,IGN,"7798"
"50","19",General Paz,Buenos Aires,General Paz,"06343","1081",ARBA - Gerencia de Servicios Catastrales,IGN,"14207"
"60","39",Ojo de Agua,Santiago del Estero,Ojo de Agua,"86126","1091",Catastro Provinciales,IGN,"15116"
"51","20",General Guido,Buenos Aires,General Guido,"06308","1082",ARBA - Gerencia de Servicios Catastrales,IGN,"3174"
"52","21",General Juan Madariaga,Buenos Aires,General Juan Madariaga,"06315","1083",ARBA - Gerencia de Servicios Catastrales,IGN,"22624"
"106","90",Cerrillos,Salta,Cerrillos,"66035","1137",IDE Salta,IGN,"55949"
"107","91",Río Cuarto,Córdoba,Río Cuarto,"14098","1138",IDE Cordoba,IGN,"279923"
"108","92",Tupungato,Mendoza,Tupungato,"50126","1139",IDE Mendoza,IGN,"41280"
"109","93",Pilagás,Formosa,Pilagás,"34042","1140",IGN,IGN,"19116"
"110","94",Laishi,Formosa,Laishi,"34021","1141",IGN,IGN,"19303"
"139","169",General Obligado,Santa Fe,General Obligado,"82049","1170",Servicio de Catastro e Información Territorial,IGN,"197986"
"140","170",Vera,Santa Fe,Vera,"82133","1171",Servicio de Catastro e Información Territorial,IGN,"56027"
"188","164",General Belgrano,La Rioja,General Belgrano,"46063","1219",IGN,IGN,"7618"
"189","165",Las Colonias,Santa Fe,Las Colonias,"82070","1220",Servicio de Catastro e Información Territorial,IGN,"115740"
"53","35",Alberdi,Santiago del Estero,Alberdi,"86014","1084",Catastro Provinciales,IGN,"20104"
"54","36",Juan Felipe Ibarra,Santiago del Estero,Juan Felipe Ibarra,"86098","1085",Catastro Provinciales,IGN,"20589"
"55","37",General Taboada,Santiago del Estero,General Taboada,"86077","1086",Catastro Provinciales,IGN,"46508"
"56","223",Pichi Mahuida,Rí­o Negro,Pichi Mahuida,"62063","1087",IDE Rio Negro,IGN,"16551"
"57","152",Montecarlo,Misiones,Montecarlo,"54084","1088",Ministerio de Ecologí­a,IGN,"38669"
"58","79",12 de Octubre,Chaco,12 de Octubre,"22036","1089",IDE Chaco,IGN,"23222"
"59","38",Rivadavia,Santiago del Estero,Rivadavia,"86154","1090",Catastro Provinciales,IGN,"5315"
"61","40",Choya,Santiago del Estero,Choya,"86063","1092",Catastro Provinciales,IGN,"43736"
"62","42",Cachi,Salta,Cachi,"66014","1093",IDE Salta,IGN,"8948"
"63","43",Chicoana,Salta,Chicoana,"66042","1094",IDE Salta,IGN,"24729"
"64","44",La Viña,Salta,La Viña,"66098","1095",IDE Salta,IGN,"8900"
"65","45",Rauch,Buenos Aires,Rauch,"06672","1096",ARBA - Gerencia de Servicios Catastrales,IGN,"16635"
"66","46",Metán,Salta,Metán,"66112","1097",IDE Salta,IGN,"48245"
"67","47",Molinos,Salta,Molinos,"66119","1098",IDE Salta,IGN,"5820"
"68","63",General Ortiz de Ocampo,La Rioja,General Ortiz de Ocampo,"46084","1099",IGN,IGN,"7349"
"190","166",San Justo,Santa Fe,San Justo,"82112","1221",Servicio de Catastro e Información Territorial,IGN,"46665"
"69","52",Santa Rosa,Mendoza,Santa Rosa,"50112","1100",IDE Mendoza,IGN,"19382"
"70","73",Conesa,Rí­o Negro,Conesa,"62028","1101",IDE Rio Negro,IGN,"7429"
"71","74",Gaiman,Chubut,Gaiman,"26042","1102",IGN,IGN,"12639"
"72","75",Rawson,Chubut,Rawson,"26077","1103",IGN,IGN,"145763"
"114","99",9 de Julio,Rí­o Negro,9 de Julio,"62049","1145",IDE Rio Negro,IGN,"3719"
"115","171",9 de Julio,Santa Fe,9 de Julio,"82077","1146",Servicio de Catastro e Información Territorial,IGN,"30995"
"116","184",Los Lagos,Neuquén,Los Lagos,"58070","1147",Direc. Pcial. de Catastro e Inf. Territorial,IGN,"15555"
"117","100",Ñorquinco,Rí­o Negro,Ñorquinco,"62056","1148",IDE Rio Negro,IGN,"1452"
"118","101",25 de Mayo,Rí­o Negro,25 de Mayo,"62091","1149",IDE Rio Negro,IGN,"16718"
"119","102",Telsen,Chubut,Telsen,"26105","1150",IGN,IGN,"1623"
"73","53",Rivadavia,Mendoza,Rivadavia,"50084","1104",IDE Mendoza,IGN,"63724"
"74","54",Tornquist,Buenos Aires,Tornquist,"06819","1105",ARBA - Gerencia de Servicios Catastrales,IGN,"14810"
"75","55",La Paz,Mendoza,La Paz,"50042","1106",IDE Mendoza,IGN,"12086"
"76","56",Coronel Pringles,Buenos Aires,Coronel Pringles,"06196","1107",ARBA - Gerencia de Servicios Catastrales,IGN,"24420"
"77","64",Chamical,La Rioja,Chamical,"46035","1108",IGN,IGN,"15666"
"78","150",Monte Caseros,Corrientes,Monte Caseros,"18112","1109",IGN,IGN,"45670"
"79","151",Esquina,Corrientes,Esquina,"18049","1110",IGN,IGN,"39185"
"120","103",Pilcaniyeu,Rí­o Negro,Pilcaniyeu,"62070","1151",IDE Rio Negro,IGN,"9373"
"143","118",Sarmiento,Chubut,Sarmiento,"26091","1174",IGN,IGN,"14596"
"191","167",San Cristóbal,Santa Fe,San Cristóbal,"82091","1222",Servicio de Catastro e Información Territorial,IGN,"72801"
"192","174",Maracó,La Pampa,Maracó,"42105","1223",Direc. Grl. de Catastro,IGN,"69514"
"193","175",Trenel,La Pampa,Trenel,"42147","1224",Direc. Grl. de Catastro,IGN,"5702"
"194","176",Copo,Santiago del Estero,Copo,"86056","1225",Catastro Provinciales,IGN,"35741"
"195","189",Loncopué,Neuquén,Loncopué,"58063","1226",Direc. Pcial. de Catastro e Inf. Territorial,IGN,"7698"
"196","190",Ñorquín,Neuquén,Ñorquín,"58084","1227",Direc. Pcial. de Catastro e Inf. Territorial,IGN,"5609"
"197","191",Pehuenches,Neuquén,Pehuenches,"58091","1228",Direc. Pcial. de Catastro e Inf. Territorial,IGN,"29753"
"198","192",Minas,Neuquén,Minas,"58077","1229",Direc. Pcial. de Catastro e Inf. Territorial,IGN,"9267"
"80","57",General Pinto,Buenos Aires,General Pinto,"06351","1111",ARBA - Gerencia de Servicios Catastrales,IGN,"12941"
"81","58",San Cayetano,Buenos Aires,San Cayetano,"06742","1112",ARBA - Gerencia de Servicios Catastrales,IGN,"8994"
"82","59",Tres Arroyos,Buenos Aires,Tres Arroyos,"06833","1113",ARBA - Gerencia de Servicios Catastrales,IGN,"62426"
"83","60",Coronel Dorrego,Buenos Aires,Coronel Dorrego,"06189","1114",ARBA - Gerencia de Servicios Catastrales,IGN,"15968"
"84","61",Necochea,Buenos Aires,Necochea,"06581","1115",ARBA - Gerencia de Servicios Catastrales,IGN,"102110"
"85","62",Independencia,La Rioja,Independencia,"46105","1116",IGN,IGN,"2401"
"86","71",Magallanes,Santa Cruz,Magallanes,"78042","1117",IGN,IGN,"12911"
"87","72",Corpen Aike,Santa Cruz,Corpen Aike,"78007","1118",IGN,IGN,"15171"
"132","112",La Caldera,Salta,La Caldera,"66077","1163",IDE Salta,IGN,"12299"
"133","113",San Rafael,Mendoza,San Rafael,"50105","1164",IDE Mendoza,IGN,"215020"
"134","114",Anta,Salta,Anta,"66007","1165",IDE Salta,IGN,"70170"
"149","226",Bariloche,Rí­o Negro,Bariloche,"62021","1180",IDE Rio Negro,IGN,"162088"
"150","227",Huiliches,Neuquén,Huiliches,"58049","1181",Direc. Pcial. de Catastro e Inf. Territorial,IGN,"20973"
"151","122",Comuna 7,Ciudad Autónoma de Buenos Aires,Comuna 7,"02049","1182",Direc. de Catastro,IGN,"215896"
"152","133",Susques,Jujuy,Susques,"38084","1183",Direc. Grl. de Inmuebles,IGN,"4098"
"153","134",Iruya,Salta,Iruya,"66070","1184",IDE Salta,IGN,"6118"
"88","65",Arauco,La Rioja,Arauco,"46007","1119",IGN,IGN,"16257"
"89","66",Lezama,Buenos Aires,Lezama,"06466","1120",ARBA - Gerencia de Servicios Catastrales,IGN,"6221"
"90","67",Chascomús,Buenos Aires,Chascomús,"06218","1121",ARBA - Gerencia de Servicios Catastrales,IGN,"42452"
"91","68",Punta Indio,Buenos Aires,Punta Indio,"06655","1122",ARBA - Gerencia de Servicios Catastrales,IGN,"12297"
"92","69",El Carmen,Jujuy,El Carmen,"38014","1123",Direc. Grl. de Inmuebles,IGN,"122366"
"93","70",Campana,Buenos Aires,Campana,"06126","1124",ARBA - Gerencia de Servicios Catastrales,IGN,"110566"
"94","76",General Lamadrid,La Rioja,General Lamadrid,"46077","1125",IGN,IGN,"1886"
"95","78",Comuna 6,Ciudad Autónoma de Buenos Aires,Comuna 6,"02042","1126",Direc. de Catastro,IGN,"203043"
"96","98",San Antonio,Rí­o Negro,San Antonio,"62077","1127",IDE Rio Negro,IGN,"35800"
"97","153",Eldorado,Misiones,Eldorado,"54042","1128",Ministerio de Ecologí­a,IGN,"91728"
"98","154",San Pedro,Misiones,San Pedro,"54112","1129",Ministerio de Ecologi­a,IGN,"34801"
"99","83",Santa María,Córdoba,Santa María,"14147","1130",IDE Cordoba,IGN,"144829"
"100","84",Minas,Córdoba,Minas,"14070","1131",IDE Cordoba,IGN,"4870"
"101","85",San Alberto,Córdoba,San Alberto,"14126","1132",IDE Cordoba,IGN,"42166"
"102","86",Río Segundo,Córdoba,Río Segundo,"14119","1133",IDE Cordoba,IGN,"113950"
"103","87",San Justo,Córdoba,San Justo,"14140","1134",IDE Cordoba,IGN,"230339"
"104","88",Unión,Córdoba,Unión,"14182","1135",IDE Cordoba,IGN,"114571"
"105","89",Tercero Arriba,Córdoba,Tercero Arriba,"14161","1136",IDE Cordoba,IGN,"120918"
"111","95",Pirané,Formosa,Pirané,"34056","1142",IGN,IGN,"72804"
"112","96",General Güemes,Chaco,General Güemes,"22063","1143",IDE Chaco,IGN,"68525"
"113","97",Valcheta,Rí­o Negro,Valcheta,"62084","1144",IDE Rio Negro,IGN,"4319"
"137","117",Aluminé,Neuquén,Aluminé,"58007","1168",Direc. Pcial. de Catastro e Inf. Territorial,IGN,"10244"
"121","104",Adolfo Alsina,Buenos Aires,Adolfo Alsina,"06007","1152",ARBA - Gerencia de Servicios Catastrales,IGN,"17552"
"122","107",Villarino,Buenos Aires,Villarino,"06875","1153",ARBA - Gerencia de Servicios Catastrales,IGN,"32717"
"123","161",Independencia,Chaco,Independencia,"22070","1154",IDE Chaco,IGN,"21996"
"124","225",Río Senguer,Chubut,Río Senguer,"26084","1155",IGN,IGN,"6366"
"138","168",San Javier,Santa Fe,San Javier,"82098","1169",Servicio de Catastro e Información Territorial,IGN,"33274"
"125","109",General Villegas,Buenos Aires,General Villegas,"06392","1156",ARBA - Gerencia de Servicios Catastrales,IGN,"35251"
"126","143",Lihuel Calel,La Pampa,Lihuel Calel,"42084","1157",Direc. Grl. de Catastro,IGN,"443"
"127","188",Añelo,Neuquén,Añelo,"58014","1158",Direc. Pcial. de Catastro e Inf. Territorial,IGN,"18166"
"128","141",Hucal,La Pampa,Hucal,"42077","1159",Direc. Grl. de Catastro,IGN,"7787"
"129","105",Pellegrini,Buenos Aires,Pellegrini,"06616","1160",ARBA - Gerencia de Servicios Catastrales,IGN,"7143"
"130","110",General Roca,Córdoba,General Roca,"14035","1161",IDE Cordoba,IGN,"36242"
"131","111",General Alvear,Mendoza,General Alvear,"50014","1162",IDE Mendoza,IGN,"52584"
"135","115",Picún Leufú,Neuquén,Picún Leufú,"58098","1166",Direc. Pcial. de Catastro e Inf. Territorial,IGN,"5087"
"136","116",Zapala,Neuquén,Zapala,"58112","1167",Direc. Pcial. de Catastro e Inf. Territorial,IGN,"45698"
"141","106",Puán,Buenos Aires,Puán,"06651","1172",ARBA - Gerencia de Servicios Catastrales,IGN,"16613"
"142","108",Presidente Roque Sáenz Peña,Córdoba,Presidente Roque Sáenz Peña,"14084","1173",IDE Cordoba,IGN,"37726"
"144","119",Comuna 1,Ciudad Autónoma de Buenos Aires,Comuna 1,"02007","1175",Direc. de Catastro,IGN,"223554"
"154","172",Chapaleufú,La Pampa,Chapaleufú,"42056","1185",Direc. Grl. de Catastro,IGN,"12334"
"199","193",Chos Malal,Neuquén,Chos Malal,"58042","1230",Direc. Pcial. de Catastro e Inf. Territorial,IGN,"18368"
"200","194",Cushamen,Chubut,Cushamen,"26014","1231",IGN,IGN,"28209"
"201","195",Lago Buenos Aires,Santa Cruz,Lago Buenos Aires,"78035","1232",IGN,IGN,"12606"
"202","212",Capital,Córdoba,Capital,"14014","1233",IDE Cordoba,IGN,"1505250"
"203","213",San Carlos,Mendoza,San Carlos,"50091","1234",IDE Mendoza,IGN,"39869"
"204","222",Malargüe,Mendoza,Malargüe,"50077","1235",IDE Mendoza,IGN,"32717"
"205","228",Catán Lil,Neuquén,Catán Lil,"58021","1236",Direc. Pcial. de Catastro e Inf. Territorial,IGN,"2676"
"376","526",Paclín,Catamarca,Paclín,"10077","1407",IDE Catamarca,IGN,"4725"
"377","527",El Alto,Catamarca,El Alto,"10056","1408",IDE Catamarca,IGN,"4375"
"145","120",Comuna 4,Ciudad Autónoma de Buenos Aires,Comuna 4,"02028","1176",Direc. de Catastro,IGN,"229240"
"146","224",Adolfo Alsina,Rí­o Negro,Adolfo Alsina,"62007","1177",IDE Rio Negro,IGN,"64482"
"147","121",Comuna 5,Ciudad Autónoma de Buenos Aires,Comuna 5,"02035","1178",Direc. de Catastro,IGN,"194271"
"148","125",Comuna 12,Ciudad Autónoma de Buenos Aires,Comuna 12,"02084","1179",Direc. de Catastro,IGN,"236887"
"155","123",Comuna 10,Ciudad Autónoma de Buenos Aires,Comuna 10,"02070","1186",Direc. de Catastro,IGN,"173004"
"156","160",Sargento Cabral,Chaco,Sargento Cabral,"22154","1187",IDE Chaco,IGN,"18793"
"157","124",Comuna 11,Ciudad Autónoma de Buenos Aires,Comuna 11,"02077","1188",Direc. de Catastro,IGN,"204601"
"158","140",Loventué,La Pampa,Loventué,"42098","1189",Direc. Grl. de Catastro,IGN,"9322"
"176","148",Chical Co,La Pampa,Chical Co,"42063","1207",Direc. Grl. de Catastro,IGN,"1466"
"177","149",Quebrachos,Santiago del Estero,Quebrachos,"86140","1208",Catastro Provinciales,IGN,"12354"
"178","157",Quitilipi,Chaco,Quitilipi,"22133","1209",IDE Chaco,IGN,"32642"
"179","158",Presidencia de la Plaza,Chaco,Presidencia de la Plaza,"22119","1210",IDE Chaco,IGN,"13956"
"180","159",Pergamino,Buenos Aires,Pergamino,"06623","1211",ARBA - Gerencia de Servicios Catastrales,IGN,"115340"
"181","185",Lácar,Neuquén,Lácar,"58056","1212",Direc. Pcial. de Catastro e Inf. Territorial,IGN,"39596"
"182","186",Confluencia,Neuquén,Confluencia,"58035","1213",Direc. Pcial. de Catastro e Inf. Territorial,IGN,"468794"
"183","187",Picunches,Neuquén,Picunches,"58105","1214",Direc. Pcial. de Catastro e Inf. Territorial,IGN,"8495"
"378","528",Tinogasta,Catamarca,Tinogasta,"10105","1409",IDE Catamarca,IGN,"25395"
"159","135",Matacos,Formosa,Matacos,"34028","1190",IGN,IGN,"17032"
"160","136",Los Andes,Salta,Los Andes,"66105","1191",IDE Salta,IGN,"7182"
"161","137",Orán,Salta,Orán,"66126","1192",IDE Salta,IGN,"160642"
"162","138",Tilcara,Jujuy,Tilcara,"38094","1193",Direc. Grl. de Inmuebles,IGN,"14721"
"163","139",Palpalá,Jujuy,Palpalá,"38042","1194",Direc. Grl. de Inmuebles,IGN,"65541"
"164","142",Caleu Caleu,La Pampa,Caleu Caleu,"42014","1195",Direc. Grl. de Catastro,IGN,"2611"
"165","156",Tapenagá,Chaco,Tapenagá,"22161","1196",IDE Chaco,IGN,"4059"
"184","173",Realicó,La Pampa,Realicó,"42133","1215",Direc. Grl. de Catastro,IGN,"17470"
"185","210",Maipú,Chaco,Maipú,"22091","1216",IDE Chaco,IGN,"26416"
"186","162",Mayor Luis J. Fontana,Chaco,Mayor Luis J. Fontana,"22098","1217",IDE Chaco,IGN,"59965"
"187","163",Fray Justo Santa María de Oro,Chaco,Fray Justo Santa María de Oro,"22043","1218",IDE Chaco,IGN,"10653"
"166","126",San Martín,Santiago del Estero,San Martín,"86175","1197",Catastro Provinciales,IGN,"11848"
"167","127",Yavi,Jujuy,Yavi,"38112","1198",Direc. Grl. de Inmuebles,IGN,"25868"
"168","128",Santa Catalina,Jujuy,Santa Catalina,"38077","1199",Direc. Grl. de Inmuebles,IGN,"2646"
"169","129",San Pedro,Jujuy,San Pedro,"38063","1200",Direc. Grl. de Inmuebles,IGN,"88241"
"170","130",Valle Grande,Jujuy,Valle Grande,"38105","1201",Direc. Grl. de Inmuebles,IGN,"2509"
"171","131",Patiño,Formosa,Patiño,"34035","1202",IGN,IGN,"81819"
"172","132",Bermejo,Formosa,Bermejo,"34007","1203",IGN,IGN,"15644"
"173","145",Limay Mahuida,La Pampa,Limay Mahuida,"42091","1204",Direc. Grl. de Catastro,IGN,"423"
"174","146",Puelén,La Pampa,Puelén,"42112","1205",Direc. Grl. de Catastro,IGN,"11654"
"175","147",Chalileo,La Pampa,Chalileo,"42049","1206",Direc. Grl. de Catastro,IGN,"2885"
"206","177",Río Hondo,Santiago del Estero,Río Hondo,"86147","1237",Catastro Provinciales,IGN,"66761"
"207","178",Vinchina,La Rioja,Vinchina,"46098","1238",IGN,IGN,"2699"
"208","179",Capital,La Rioja,Capital,"46014","1239",IGN,IGN,"211651"
"209","180",Río Seco,Córdoba,Río Seco,"14112","1240",IDE Cordoba,IGN,"15302"
"210","181",Avellaneda,Rí­o Negro,Avellaneda,"62014","1241",IDE Rio Negro,IGN,"41352"
"211","182",General Roca,Rí­o Negro,General Roca,"62042","1242",IDE Rio Negro,IGN,"380525"
"225","211",Guasayán,Santiago del Estero,Guasayán,"86084","1256",Catastro Provinciales,IGN,"9255"
"212","196",Comuna 2,Ciudad Autónoma de Buenos Aires,Comuna 2,"02014","1243",Direc. de Catastro,IGN,"161645"
"213","201",Güer Aike,Santa Cruz,Güer Aike,"78021","1244",IGN,IGN,"137895"
"214","214",Tunuyán,Mendoza,Tunuyán,"50119","1245",IDE Mendoza,IGN,"60171"
"215","215",Luján de Cuyo,Mendoza,Luján de Cuyo,"50063","1246",IDE Mendoza,IGN,"175056"
"216","216",Futaleufú,Chubut,Futaleufú,"26035","1247",IGN,IGN,"50316"
"217","217",Río Chico,Santa Cruz,Río Chico,"78049","1248",IGN,IGN,"6314"
"218","197",Comuna 8,Ciudad Autónoma de Buenos Aires,Comuna 8,"02056","1249",Direc. de Catastro,IGN,"204367"
"219","206",Deseado,Santa Cruz,Deseado,"78014","1250",IGN,IGN,"126743"
"220","207",Languiñeo,Chubut,Languiñeo,"26056","1251",IGN,IGN,"2884"
"221","208",Belgrano,Santiago del Estero,Belgrano,"86042","1252",Catastro Provinciales,IGN,"10813"
"222","209",Aguirre,Santiago del Estero,Aguirre,"86007","1253",Catastro Provinciales,IGN,"8970"
"223","309",Guaminí,Buenos Aires,Guaminí,"06399","1254",ARBA - Gerencia de Servicios Catastrales,IGN,"11801"
"224","386",Cochinoca,Jujuy,Cochinoca,"38007","1255",Direc. Grl. de Inmuebles,IGN,"15054"
"238","230",Rosario de la Frontera,Salta,Rosario de la Frontera,"66140","1269",IDE Salta,IGN,"33809"
"239","231",Collón Curá,Neuquén,Collón Curá,"58028","1270",Direc. Pcial. de Catastro e Inf. Territorial,IGN,"4835"
"240","516",La Paz,Catamarca,La Paz,"10070","1271",IDE Catamarca,IGN,"26370"
"241","405",Cruz Alta,Tucumán,Cruz Alta,"90014","1272",IDE Tucuman,IGN,"228077"
"242","401",Monteros,Tucumán,Monteros,"90070","1273",IDE Tucuman,IGN,"77551"
"226","204",Mártires,Chubut,Mártires,"26063","1257",IGN,IGN,"754"
"227","205",Sarmiento,Santiago del Estero,Sarmiento,"86182","1258",Catastro Provinciales,IGN,"5038"
"243","470",9 de Julio,Chaco,9 de Julio,"22105","1274",IDE Chaco,IGN,"30258"
"244","472",San Lorenzo,Chaco,San Lorenzo,"22147","1275",IDE Chaco,IGN,"16062"
"245","232",Comuna 3,Ciudad Autónoma de Buenos Aires,Comuna 3,"02021","1276",Direc. de Catastro,IGN,"196240"
"228","198",Sobremonte,Córdoba,Sobremonte,"14154","1259",IDE Cordoba,IGN,"4503"
"229","199",Río Grande,"Tierra del Fuego, Antártida e Islas del Atlántico Sur",Río Grande,"94008","1260",Gerencia de Catastro Pcial.,IGN,"99241"
"502","486",Capital,San Juan,Capital,"70028","1533",Direc. de Catastro,IGN,"115390"
"230","200",Comuna 13,Ciudad Autónoma de Buenos Aires,Comuna 13,"02091","1261",Direc. de Catastro,IGN,"264385"
"512","488",Santa Lucía,San Juan,Santa Lucía,"70098","1543",Direc. de Catastro,IGN,"62729"
"231","202",Banda,Santiago del Estero,Banda,"86035","1262",Catastro Provinciales,IGN,"170651"
"232","203",Paso de Indios,Chubut,Paso de Indios,"26070","1263",IGN,IGN,"1886"
"233","218",Lago Argentino,Santa Cruz,Lago Argentino,"78028","1264",IGN,IGN,"25586"
"234","219",El Cuy,Rí­o Negro,El Cuy,"62035","1265",IDE Rio Negro,IGN,"6960"
"235","220",Las Heras,Mendoza,Las Heras,"50049","1266",IDE Mendoza,IGN,"234401"
"236","221",Lavalle,Mendoza,Lavalle,"50056","1267",IDE Mendoza,IGN,"47167"
"237","229",Almirante Brown,Chaco,Almirante Brown,"22007","1268",IDE Chaco,IGN,"37851"
"246","349",Famatina,La Rioja,Famatina,"46049","1277",IGN,IGN,"7002"
"247","513",Tigre,Buenos Aires,Tigre,"06805","1278",ARBA - Gerencia de Servicios Catastrales,IGN,"446949"
"248","514",Santa María,Catamarca,Santa María,"10091","1279",IDE Catamarca,IGN,"26929"
"249","233",Robles,Santiago del Estero,Robles,"86161","1280",Catastro Provinciales,IGN,"54015"
"253","236",Loreto,Santiago del Estero,Loreto,"86105","1284",Catastro Provinciales,IGN,"24060"
"254","391",La Poma,Salta,La Poma,"66091","1285",IDE Salta,IGN,"1789"
"250","289",General Viamonte,Buenos Aires,General Viamonte,"06385","1281",ARBA - Gerencia de Servicios Catastrales,IGN,"22649"
"251","522",Antofagasta de la Sierra,Catamarca,Antofagasta de la Sierra,"10028","1282",IDE Catamarca,IGN,"2022"
"255","336",Capital,Mendoza,Capital,"50007","1286",IDE Mendoza,IGN,"127160"
"256","337",Godoy Cruz,Mendoza,Godoy Cruz,"50021","1287",IDE Mendoza,IGN,"195159"
"252","465",Leandro N. Alem,Misiones,Leandro N. Alem,"54070","1283",Ministerio de Ecologí­a,IGN,"49797"
"274","529",Valle Viejo,Catamarca,Valle Viejo,"10112","1305",IDE Catamarca,IGN,"34029"
"275","428",Catriló,La Pampa,Catriló,"42028","1306",Direc. Grl. de Catastro,IGN,"8235"
"257","234",Capital,Santiago del Estero,Capital,"86049","1288",Catastro Provinciales,IGN,"330112"
"276","248",Presidente Perón,Buenos Aires,Presidente Perón,"06648","1307",ARBA - Gerencia de Servicios Catastrales,IGN,"102106"
"258","235",Comuna 14,Ciudad Autónoma de Buenos Aires,Comuna 14,"02098","1289",Direc. de Catastro,IGN,"248635"
"259","237",Colón,Entre Ríos,Colón,"30008","1290",ATER - Direc. de Catastro,IGN,"75305"
"260","238",Villaguay,Entre Ríos,Villaguay,"30113","1291",ATER - Direc. de Catastro,IGN,"55796"
"261","239",Castelli,Buenos Aires,Castelli,"06168","1292",ARBA - Gerencia de Servicios Catastrales,IGN,"9594"
"262","240",San Salvador,Entre Ríos,San Salvador,"30088","1293",ATER - Direc. de Catastro,IGN,"20854"
"263","361",Marcos Juárez,Córdoba,Marcos Juárez,"14063","1294",IDE Cordoba,IGN,"107764"
"264","515",Santa Rosa,Catamarca,Santa Rosa,"10098","1295",IDE Catamarca,IGN,"13322"
"265","241",Almirante Brown,Buenos Aires,Almirante Brown,"06028","1296",ARBA - Gerencia de Servicios Catastrales,IGN,"584827"
"266","242",Nogoyá,Entre Ríos,Nogoyá,"30077","1297",ATER - Direc. de Catastro,IGN,"43195"
"267","243",Tala,Entre Ríos,Tala,"30091","1298",ATER - Direc. de Catastro,IGN,"31309"
"268","244",Gualeguay,Entre Ríos,Gualeguay,"30049","1299",ATER - Direc. de Catastro,IGN,"57303"
"269","245",Federación,Entre Ríos,Federación,"30028","1300",ATER - Direc. de Catastro,IGN,"78691"
"270","246",La Paz,Entre Ríos,La Paz,"30070","1301",ATER - Direc. de Catastro,IGN,"75407"
"271","247",Feliciano,Entre Ríos,Feliciano,"30042","1302",ATER - Direc. de Catastro,IGN,"16803"
"272","518",Belén,Catamarca,Belén,"10035","1303",IDE Catamarca,IGN,"30569"
"273","338",Cafayate,Salta,Cafayate,"66021","1304",IDE Salta,IGN,"17829"
"277","274",Morón,Buenos Aires,Morón,"06568","1308",ARBA - Gerencia de Servicios Catastrales,IGN,"331183"
"278","275",Chacabuco,Buenos Aires,Chacabuco,"06210","1309",ARBA - Gerencia de Servicios Catastrales,IGN,"52731"
"279","249",Brandsen,Buenos Aires,Brandsen,"06119","1310",ARBA - Gerencia de Servicios Catastrales,IGN,"32448"
"281","269",Junín,Buenos Aires,Junín,"06413","1312",ARBA - Gerencia de Servicios Catastrales,IGN,"103787"
"282","387",Tumbaya,Jujuy,Tumbaya,"38098","1313",Direc. Grl. de Inmuebles,IGN,"5381"
"280","268",San Andrés de Giles,Buenos Aires,San Andrés de Giles,"06728","1311",ARBA - Gerencia de Servicios Catastrales,IGN,"26510"
"283","250",Carlos Casares,Buenos Aires,Carlos Casares,"06147","1314",ARBA - Gerencia de Servicios Catastrales,IGN,"23100"
"284","283",General Felipe Varela,La Rioja,General Felipe Varela,"46028","1315",IGN,IGN,"11372"
"285","284",Chivilcoy,Buenos Aires,Chivilcoy,"06224","1316",ARBA - Gerencia de Servicios Catastrales,IGN,"70839"
"286","285",Alberti,Buenos Aires,Alberti,"06021","1317",ARBA - Gerencia de Servicios Catastrales,IGN,"12982"
"287","286",Bragado,Buenos Aires,Bragado,"06112","1318",ARBA - Gerencia de Servicios Catastrales,IGN,"46504"
"319","307",Tres Lomas,Buenos Aires,Tres Lomas,"06847","1350",ARBA - Gerencia de Servicios Catastrales,IGN,"9164"
"320","308",Ayacucho,Buenos Aires,Ayacucho,"06042","1351",ARBA - Gerencia de Servicios Catastrales,IGN,"21977"
"288","287",General Las Heras,Buenos Aires,General Las Heras,"06329","1319",ARBA - Gerencia de Servicios Catastrales,IGN,"18022"
"289","288",Marcos Paz,Buenos Aires,Marcos Paz,"06525","1320",ARBA - Gerencia de Servicios Catastrales,IGN,"67011"
"290","251",Carlos Tejedor,Buenos Aires,Carlos Tejedor,"06154","1321",ARBA - Gerencia de Servicios Catastrales,IGN,"14079"
"291","252",25 de Mayo,Buenos Aires,25 de Mayo,"06854","1322",ARBA - Gerencia de Servicios Catastrales,IGN,"35563"
"336","327",Moreno,Santiago del Estero,Moreno,"86119","1367",Catastro Provinciales,IGN,"40460"
"337","403",Famaillá,Tucumán,Famaillá,"90028","1368",IDE Tucuman,IGN,"42702"
"338","404",Capital,Tucumán,Capital,"90084","1369",IDE Tucuman,IGN,"590342"
"292","253",9 de Julio,Buenos Aires,9 de Julio,"06588","1323",ARBA - Gerencia de Servicios Catastrales,IGN,"52607"
"293","254",Pehuajó,Buenos Aires,Pehuajó,"06609","1324",ARBA - Gerencia de Servicios Catastrales,IGN,"44783"
"514","493",Chimbas,San Juan,Chimbas,"70042","1545",Direc. de Catastro,IGN,"105627"
"515","494",9 de Julio,San Juan,9 de Julio,"70063","1546",Direc. de Catastro,IGN,"12514"
"294","255",Trenque Lauquen,Buenos Aires,Trenque Lauquen,"06826","1325",ARBA - Gerencia de Servicios Catastrales,IGN,"49309"
"295","256",General Belgrano,Buenos Aires,General Belgrano,"06301","1326",ARBA - Gerencia de Servicios Catastrales,IGN,"20791"
"296","257",Monte,Buenos Aires,Monte,"06547","1327",ARBA - Gerencia de Servicios Catastrales,IGN,"24868"
"297","258",Roque Pérez,Buenos Aires,Roque Pérez,"06693","1328",ARBA - Gerencia de Servicios Catastrales,IGN,"13977"
"298","259",Olavarría,Buenos Aires,Olavarría,"06595","1329",ARBA - Gerencia de Servicios Catastrales,IGN,"125751"
"299","260",Merlo,Buenos Aires,Merlo,"06539","1330",ARBA - Gerencia de Servicios Catastrales,IGN,"582486"
"300","290",Ezeiza,Buenos Aires,Ezeiza,"06270","1331",ARBA - Gerencia de Servicios Catastrales,IGN,"201511"
"339","294",San Vicente,Buenos Aires,San Vicente,"06778","1370",ARBA - Gerencia de Servicios Catastrales,IGN,"98215"
"340","295",Lobos,Buenos Aires,Lobos,"06483","1371",ARBA - Gerencia de Servicios Catastrales,IGN,"41760"
"341","296",General Alvear,Buenos Aires,General Alvear,"06287","1372",ARBA - Gerencia de Servicios Catastrales,IGN,"13031"
"342","297",Quilmes,Buenos Aires,Quilmes,"06658","1373",ARBA - Gerencia de Servicios Catastrales,IGN,"633391"
"343","298",Pila,Buenos Aires,Pila,"06630","1374",ARBA - Gerencia de Servicios Catastrales,IGN,"4642"
"344","299",General La Madrid,Buenos Aires,General La Madrid,"06322","1375",ARBA - Gerencia de Servicios Catastrales,IGN,"11618"
"301","261",Esteban Echeverría,Buenos Aires,Esteban Echeverría,"06260","1332",ARBA - Gerencia de Servicios Catastrales,IGN,"338480"
"302","262",Arrecifes,Buenos Aires,Arrecifes,"06077","1333",ARBA - Gerencia de Servicios Catastrales,IGN,"32215"
"303","263",Capitán Sarmiento,Buenos Aires,Capitán Sarmiento,"06140","1334",ARBA - Gerencia de Servicios Catastrales,IGN,"15965"
"304","302",Tapalqué,Buenos Aires,Tapalqué,"06798","1335",ARBA - Gerencia de Servicios Catastrales,IGN,"10783"
"305","388",Dr. Manuel Belgrano,Jujuy,Dr. Manuel Belgrano,"38021","1336",Direc. Grl. de Inmuebles,IGN,"320990"
"306","389",Rinconada,Jujuy,Rinconada,"38049","1337",Direc. Grl. de Inmuebles,IGN,"1802"
"307","390",Ramón Lista,Formosa,Ramón Lista,"34063","1338",IGN,IGN,"17729"
"345","300",Bolívar,Buenos Aires,Bolívar,"06105","1376",ARBA - Gerencia de Servicios Catastrales,IGN,"37594"
"346","328",Chacabuco,Chaco,Chacabuco,"22028","1377",IDE Chaco,IGN,"34598"
"347","406",Lules,Tucumán,Lules,"90063","1378",IDE Tucuman,IGN,"93552"
"348","407",Yerba Buena,Tucumán,Yerba Buena,"90119","1379",IDE Tucuman,IGN,"102741"
"308","264",Carmen de Areco,Buenos Aires,Carmen de Areco,"06161","1339",ARBA - Gerencia de Servicios Catastrales,IGN,"17499"
"309","265",Salto,Buenos Aires,Salto,"06714","1340",ARBA - Gerencia de Servicios Catastrales,IGN,"39425"
"310","266",Exaltación de la Cruz,Buenos Aires,Exaltación de la Cruz,"06266","1341",ARBA - Gerencia de Servicios Catastrales,IGN,"40159"
"311","267",San Miguel,Buenos Aires,San Miguel,"06760","1342",ARBA - Gerencia de Servicios Catastrales,IGN,"328835"
"379","329",Guaymallén,Mendoza,Guaymallén,"50028","1410",IDE Mendoza,IGN,"321966"
"380","330",Juárez Celman,Córdoba,Juárez Celman,"14056","1411",IDE Cordoba,IGN,"68631"
"381","331",Capital,Salta,Capital,"66028","1412",Direc. Grl. de Inmuebles,IGN,"627704"
"312","270",Mercedes,Buenos Aires,Mercedes,"06532","1343",ARBA - Gerencia de Servicios Catastrales,IGN,"72980"
"313","271",Pilar,Buenos Aires,Pilar,"06638","1344",ARBA - Gerencia de Servicios Catastrales,IGN,"394754"
"314","272",Luján,Buenos Aires,Luján,"06497","1345",ARBA - Gerencia de Servicios Catastrales,IGN,"111008"
"382","332",Silípica,Santiago del Estero,Silípica,"86189","1413",Catastro Provinciales,IGN,"9766"
"383","333",La Candelaria,Salta,La Candelaria,"66084","1414",IDE Salta,IGN,"7205"
"384","425",Rancul,La Pampa,Rancul,"42126","1415",Direc. Grl. de Catastro,IGN,"11133"
"315","273",Hurlingham,Buenos Aires,Hurlingham,"06408","1346",ARBA - Gerencia de Servicios Catastrales,IGN,"185641"
"316","392",Biedma,Chubut,Biedma,"26007","1347",IGN,IGN,"103173"
"317","517",Fray Mamerto Esquiú,Catamarca,Fray Mamerto Esquiú,"10063","1348",IDE Catamarca,IGN,"14625"
"318","276",Malvinas Argentinas,Buenos Aires,Malvinas Argentinas,"06515","1349",ARBA - Gerencia de Servicios Catastrales,IGN,"350674"
"321","277",General San Martín,Buenos Aires,General San Martín,"06371","1352",ARBA - Gerencia de Servicios Catastrales,IGN,"450575"
"350","303",Hipólito Yrigoyen,Buenos Aires,Hipólito Yrigoyen,"06406","1381",ARBA - Gerencia de Servicios Catastrales,IGN,"10661"
"351","408",Tafí Viejo,Tucumán,Tafí Viejo,"90105","1382",IDE Tucuman,IGN,"172986"
"352","409",Burruyacú,Tucumán,Burruyacú,"90007","1383",IDE Tucuman,IGN,"45476"
"353","410",Trancas,Tucumán,Trancas,"90112","1384",IDE Tucuman,IGN,"23494"
"322","278",Lincoln,Buenos Aires,Lincoln,"06469","1353",ARBA - Gerencia de Servicios Catastrales,IGN,"45506"
"323","310",Ensenada,Buenos Aires,Ensenada,"06245","1354",ARBA - Gerencia de Servicios Catastrales,IGN,"63997"
"354","411",Tafí del Valle,Tucumán,Tafí del Valle,"90098","1385",IDE Tucuman,IGN,"22440"
"355","519",Capital,Catamarca,Capital,"10049","1386",IDE Catamarca,IGN,"186947"
"356","520",Ancasti,Catamarca,Ancasti,"10014","1387",IDE Catamarca,IGN,"3302"
"357","521",Pomán,Catamarca,Pomán,"10084","1388",IDE Catamarca,IGN,"12260"
"324","311",Laprida,Buenos Aires,Laprida,"06448","1355",ARBA - Gerencia de Servicios Catastrales,IGN,"11646"
"325","312",San Isidro,Buenos Aires,San Isidro,"06756","1356",ARBA - Gerencia de Servicios Catastrales,IGN,"297282"
"326","313",Benito Juárez,Buenos Aires,Benito Juárez,"06084","1357",ARBA - Gerencia de Servicios Catastrales,IGN,"22292"
"327","314",Colón,Buenos Aires,Colón,"06175","1358",ARBA - Gerencia de Servicios Catastrales,IGN,"27504"
"328","402",Leales,Tucumán,Leales,"90056","1359",IDE Tucuman,IGN,"66392"
"393","341",Castro Barros,La Rioja,Castro Barros,"46021","1424",IGN,IGN,"5810"
"329","279",Ituzaingó,Buenos Aires,Ituzaingó,"06410","1360",ARBA - Gerencia de Servicios Catastrales,IGN,"180232"
"330","280",General Rodríguez,Buenos Aires,General Rodríguez,"06364","1361",ARBA - Gerencia de Servicios Catastrales,IGN,"142709"
"331","281",Suipacha,Buenos Aires,Suipacha,"06784","1362",ARBA - Gerencia de Servicios Catastrales,IGN,"11786"
"332","282",Tres de Febrero,Buenos Aires,Tres de Febrero,"06840","1363",ARBA - Gerencia de Servicios Catastrales,IGN,"364176"
"333","291",Florencio Varela,Buenos Aires,Florencio Varela,"06274","1364",ARBA - Gerencia de Servicios Catastrales,IGN,"496433"
"334","292",Navarro,Buenos Aires,Navarro,"06574","1365",ARBA - Gerencia de Servicios Catastrales,IGN,"19899"
"335","293",Cañuelas,Buenos Aires,Cañuelas,"06134","1366",ARBA - Gerencia de Servicios Catastrales,IGN,"70684"
"349","301",Balcarce,Buenos Aires,Balcarce,"06063","1380",ARBA - Gerencia de Servicios Catastrales,IGN,"48982"
"394","412",General López,Santa Fe,General López,"82042","1425",Servicio de Catastro e Información Territorial,IGN,"201574"
"358","304",Dolores,Buenos Aires,Dolores,"06238","1389",ARBA - Gerencia de Servicios Catastrales,IGN,"32032"
"359","305",Azul,Buenos Aires,Azul,"06049","1390",ARBA - Gerencia de Servicios Catastrales,IGN,"75905"
"364","315",Figueroa,Santiago del Estero,Figueroa,"86070","1395",Catastro Provinciales,IGN,"20270"
"365","316",Saavedra,Buenos Aires,Saavedra,"06700","1396",ARBA - Gerencia de Servicios Catastrales,IGN,"22537"
"366","317",Monte Hermoso,Buenos Aires,Monte Hermoso,"06553","1397",ARBA - Gerencia de Servicios Catastrales,IGN,"8465"
"367","318",Lobería,Buenos Aires,Lobería,"06476","1398",ARBA - Gerencia de Servicios Catastrales,IGN,"18243"
"368","319",Berisso,Buenos Aires,Berisso,"06098","1399",ARBA - Gerencia de Servicios Catastrales,IGN,"100930"
"369","320",Tordillo,Buenos Aires,Tordillo,"06812","1400",ARBA - Gerencia de Servicios Catastrales,IGN,"2542"
"370","321",Zárate,Buenos Aires,Zárate,"06882","1401",ARBA - Gerencia de Servicios Catastrales,IGN,"132221"
"360","306",Daireaux,Buenos Aires,Daireaux,"06231","1391",ARBA - Gerencia de Servicios Catastrales,IGN,"18422"
"361","523",Capayán,Catamarca,Capayán,"10042","1392",IDE Catamarca,IGN,"19885"
"362","524",Andalgalá,Catamarca,Andalgalá,"10021","1393",IDE Catamarca,IGN,"19678"
"363","525",Ambato,Catamarca,Ambato,"10007","1394",IDE Catamarca,IGN,"5129"
"371","322",Ramallo,Buenos Aires,Ramallo,"06665","1402",ARBA - Gerencia de Servicios Catastrales,IGN,"39730"
"372","323",San Nicolás,Buenos Aires,San Nicolás,"06763","1403",ARBA - Gerencia de Servicios Catastrales,IGN,"167824"
"373","324",Salavina,Santiago del Estero,Salavina,"86168","1404",Catastro Provinciales,IGN,"12787"
"374","325",Pellegrini,Santiago del Estero,Pellegrini,"86133","1405",Catastro Provinciales,IGN,"26193"
"375","326",Avellaneda,Santiago del Estero,Avellaneda,"86028","1406",Catastro Provinciales,IGN,"25476"
"385","334",Maipú,Mendoza,Maipú,"50070","1416",IDE Mendoza,IGN,"219402"
"386","335",Guachipas,Salta,Guachipas,"66063","1417",IDE Salta,IGN,"3491"
"387","426",Conhelo,La Pampa,Conhelo,"42035","1418",Direc. Grl. de Catastro,IGN,"15186"
"388","448",Ituzaingó,Corrientes,Ituzaingó,"18084","1419",IGN,IGN,"38837"
"470","424",Quemú Quemú,La Pampa,Quemú Quemú,"42119","1501",Direc. Grl. de Catastro,IGN,"8460"
"471","429",Atreucó,La Pampa,Atreucó,"42007","1502",Direc. Grl. de Catastro,IGN,"11138"
"472","430",Guatraché,La Pampa,Guatraché,"42070","1503",Direc. Grl. de Catastro,IGN,"9517"
"473","431",Toay,La Pampa,Toay,"42140","1504",Direc. Grl. de Catastro,IGN,"18029"
"474","466",San Javier,Misiones,San Javier,"54105","1505",Ministerio de Ecologí­a,IGN,"23503"
"475","444",General Paz,Corrientes,General Paz,"18063","1506",IGN,IGN,"17020"
"476","480",General Belgrano,Chaco,General Belgrano,"22049","1507",IDE Chaco,IGN,"12807"
"477","432",Utracán,La Pampa,Utracán,"42154","1508",Direc. Grl. de Catastro,IGN,"17802"
"478","433",Sauce,Corrientes,Sauce,"18175","1509",IGN,IGN,"10382"
"389","339",San Martín,Mendoza,San Martín,"50098","1420",IDE Mendoza,IGN,"139792"
"390","427",Capital,La Pampa,Capital,"42021","1421",Direc. Grl. de Catastro,IGN,"119632"
"391","360",Río Primero,Córdoba,Río Primero,"14105","1422",IDE Cordoba,IGN,"58428"
"392","340",Junín,Mendoza,Junín,"50035","1423",IDE Mendoza,IGN,"46604"
"479","434",San Martín,Corrientes,San Martín,"18147","1510",IGN,IGN,"15187"
"480","435",Paso de los Libres,Corrientes,Paso de los Libres,"18119","1511",IGN,IGN,"56989"
"481","436",Goya,Corrientes,Goya,"18070","1512",IGN,IGN,"106371"
"395","342",Sanagasta,La Rioja,Sanagasta,"46126","1426",IGN,IGN,"3038"
"396","346",General Juan Facundo Quiroga,La Rioja,General Juan Facundo Quiroga,"46070","1427",IGN,IGN,"4017"
"397","413",Constitución,Santa Fe,Constitución,"82028","1428",Servicio de Catastro e Información Territorial,IGN,"93441"
"482","437",Lavalle,Corrientes,Lavalle,"18091","1513",IGN,IGN,"40448"
"483","438",San Roque,Corrientes,San Roque,"18161","1514",IGN,IGN,"22715"
"484","439",General Alvear,Corrientes,General Alvear,"18056","1515",IGN,IGN,"9145"
"485","440",Concepción,Corrientes,Concepción,"18028","1516",IGN,IGN,"26282"
"486","441",Bella Vista,Corrientes,Bella Vista,"18007","1517",IGN,IGN,"44406"
"487","442",Santo Tomé,Corrientes,Santo Tomé,"18168","1518",IGN,IGN,"71927"
"488","443",Saladas,Corrientes,Saladas,"18126","1519",IGN,IGN,"29198"
"398","343",Chilecito,La Rioja,Chilecito,"46042","1429",IGN,IGN,"58798"
"399","414",Caseros,Santa Fe,Caseros,"82014","1430",Servicio de Catastro e Información Territorial,IGN,"86912"
"400","415",Rosario,Santa Fe,Rosario,"82084","1431",Servicio de Catastro e Información Territorial,IGN,"1348725"
"401","416",San Lorenzo,Santa Fe,San Lorenzo,"82119","1432",Servicio de Catastro e Información Territorial,IGN,"194580"
"402","417",Iriondo,Santa Fe,Iriondo,"82056","1433",Servicio de Catastro e Información Territorial,IGN,"74504"
"403","418",Belgrano,Santa Fe,Belgrano,"82007","1434",Servicio de Catastro e Información Territorial,IGN,"48781"
"404","419",San Jerónimo,Santa Fe,San Jerónimo,"82105","1435",Servicio de Catastro e Información Territorial,IGN,"87307"
"405","446",San Miguel,Corrientes,San Miguel,"18154","1436",IGN,IGN,"12713"
"406","344",Ángel Vicente Peñaloza,La Rioja,Ángel Vicente Peñaloza,"46056","1437",IGN,IGN,"3185"
"407","345",Colón,Córdoba,Colón,"14021","1438",IDE Cordoba,IGN,"295725"
"408","347",Rosario Vera Peñaloza,La Rioja,Rosario Vera Peñaloza,"46112","1439",IGN,IGN,"15783"
"409","447",Empedrado,Corrientes,Empedrado,"18042","1440",IGN,IGN,"17968"
"410","348",General San Martín,La Rioja,General San Martín,"46091","1441",IGN,IGN,"5019"
"411","350",San Blas de Los Sauces,La Rioja,San Blas de Los Sauces,"46119","1442",IGN,IGN,"4314"
"412","351",San Antonio,Jujuy,San Antonio,"38056","1443",Direc. Grl. de Inmuebles,IGN,"6729"
"413","449",Capital,Corrientes,Capital,"18021","1444",IGN,IGN,"439270"
"414","450",San Luis del Palmar,Corrientes,San Luis del Palmar,"18140","1445",IGN,IGN,"21459"
"415","451",San Cosme,Corrientes,San Cosme,"18133","1446",IGN,IGN,"19706"
"416","452",Itatí,Corrientes,Itatí,"18077","1447",IGN,IGN,"12010"
"417","453",Berón de Astrada,Corrientes,Berón de Astrada,"18014","1448",IGN,IGN,"2826"
"418","352",Formosa,Formosa,Formosa,"34014","1449",IGN,IGN,"269589"
"419","353",Pilcomayo,Formosa,Pilcomayo,"34049","1450",IGN,IGN,"94383"
"420","354",Tehuelches,Chubut,Tehuelches,"26098","1451",IGN,IGN,"5978"
"421","355",Escalante,Chubut,Escalante,"26021","1452",IGN,IGN,"215453"
"422","356",Ischilín,Córdoba,Ischilín,"14049","1453",IDE Cordoba,IGN,"36074"
"423","357",Totoral,Córdoba,Totoral,"14168","1454",IDE Cordoba,IGN,"22495"
"424","358",General San Martín,Córdoba,General San Martín,"14042","1455",Catastro,IGN,"154269"
"425","359",San Javier,Córdoba,San Javier,"14133","1456",IDE Cordoba,IGN,"63377"
"426","362",Leandro N. Alem,Buenos Aires,Leandro N. Alem,"06462","1457",ARBA - Gerencia de Servicios Catastrales,IGN,"17266"
"427","363",Libertador General San Martín,Chaco,Libertador General San Martín,"22084","1458",IDE Chaco,IGN,"65686"
"428","364",Gastre,Chubut,Gastre,"26049","1459",IGN,IGN,"1195"
"429","365",General Arenales,Buenos Aires,General Arenales,"06294","1460",ARBA - Gerencia de Servicios Catastrales,IGN,"16350"
"430","366",Bermejo,Chaco,Bermejo,"22014","1461",IDE Chaco,IGN,"28144"
"431","367",Calamuchita,Córdoba,Calamuchita,"14007","1462",IDE Cordoba,IGN,"75911"
"432","454",Tolhuin,"Tierra del Fuego, Antártida e Islas del Atlántico Sur",Tolhuin,"94011","1463",Gerencia de Catastro Pcial.,IGN,"6039"
"433","455",Capital,Misiones,Capital,"54028","1464",Ministerio de Ecologí­a,IGN,"392919"
"434","456",Candelaria,Misiones,Candelaria,"54021","1465",Ministerio de Ecologí­a,IGN,"35318"
"489","445",Mburucuyá,Corrientes,Mburucuyá,"18098","1520",IGN,IGN,"11568"
"435","368",Rivadavia,Buenos Aires,Rivadavia,"06679","1466",ARBA - Gerencia de Servicios Catastrales,IGN,"19849"
"436","369",Patagones,Buenos Aires,Patagones,"06602","1467",ARBA - Gerencia de Servicios Catastrales,IGN,"37646"
"437","457",Cainguás,Misiones,Cainguás,"54014","1468",Ministerio de Ecologí­a,IGN,"59953"
"438","372",Comuna 9,Ciudad Autónoma de Buenos Aires,Comuna 9,"02063","1469",Direc. de Catastro,IGN,"169063"
"439","374",Mitre,Santiago del Estero,Mitre,"86112","1470",Catastro Provinciales,IGN,"1440"
"440","375",Atamisqui,Santiago del Estero,Atamisqui,"86021","1471",Catastro Provinciales,IGN,"14903"
"441","458",Libertador General San Martín,Misiones,Libertador General San Martín,"54077","1472",Ministerio de Ecologí­a,IGN,"52428"
"442","459",General Manuel Belgrano,Misiones,General Manuel Belgrano,"54049","1473",Ministerio de Ecologí­a,IGN,"45570"
"443","460",Guaraní,Misiones,Guaraní,"54056","1474",Ministerio de Ecologí­a,IGN,"77160"
"444","376",Jiménez,Santiago del Estero,Jiménez,"86091","1475",Catastro Provinciales,IGN,"18625"
"445","377",Coronel de Marina Leonardo Rosales,Buenos Aires,Coronel de Marina Leonardo Rosales,"06182","1476",ARBA - Gerencia de Servicios Catastrales,IGN,"67503"
"446","378",Baradero,Buenos Aires,Baradero,"06070","1477",ARBA - Gerencia de Servicios Catastrales,IGN,"40002"
"447","379",San Pedro,Buenos Aires,San Pedro,"06770","1478",ARBA - Gerencia de Servicios Catastrales,IGN,"68613"
"448","380",Santa Victoria,Salta,Santa Victoria,"66161","1479",IDE Salta,IGN,"9413"
"449","381",General José de San Martín,Salta,General José de San Martín,"66056","1480",IDE Salta,IGN,"178004"
"450","382",Rivadavia,Salta,Rivadavia,"66133","1481",IDE Salta,IGN,"38113"
"451","383",Rosario de Lerma,Salta,Rosario de Lerma,"66147","1482",IDE Salta,IGN,"51028"
"452","384",Ledesma,Jujuy,Ledesma,"38035","1483",Direc. Grl. de Inmuebles,IGN,"94252"
"453","385",Humahuaca,Jujuy,Humahuaca,"38028","1484",Direc. Grl. de Inmuebles,IGN,"20914"
"493","471",San Fernando,Chaco,San Fernando,"22140","1524",IDE Chaco,IGN,"416140"
"454","393",Florentino Ameghino,Buenos Aires,Florentino Ameghino,"06277","1485",ARBA - Gerencia de Servicios Catastrales,IGN,"10790"
"455","394",Florentino Ameghino,Chubut,Florentino Ameghino,"26028","1486",IGN,IGN,"1786"
"456","395",La Cocha,Tucumán,La Cocha,"90049","1487",IDE Tucuman,IGN,"21218"
"457","396",Graneros,Tucumán,Graneros,"90035","1488",IDE Tucuman,IGN,"15540"
"458","397",Juan Bautista Alberdi,Tucumán,Juan Bautista Alberdi,"90042","1489",IDE Tucuman,IGN,"34766"
"459","398",Río Chico,Tucumán,Río Chico,"90077","1490",IDE Tucuman,IGN,"64962"
"460","399",Simoca,Tucumán,Simoca,"90091","1491",IDE Tucuman,IGN,"36973"
"461","400",Chicligasta,Tucumán,Chicligasta,"90021","1492",IDE Tucuman,IGN,"92608"
"494","481",General Donovan,Chaco,General Donovan,"22056","1525",IDE Chaco,IGN,"15096"
"495","473",2 de Abril,Chaco,2 de Abril,"22039","1526",IDE Chaco,IGN,"8319"
"496","474",Lanús,Buenos Aires,Lanús,"06434","1527",ARBA - Gerencia de Servicios Catastrales,IGN,"461267"
"462","420",San Martín,Santa Fe,San Martín,"82126","1493",Servicio de Catastro e Información Territorial,IGN,"67827"
"463","421",La Capital,Santa Fe,La Capital,"82063","1494",Servicio de Catastro e Información Territorial,IGN,"572265"
"464","461",Iguazú,Misiones,Iguazú,"54063","1495",Ministerio de Ecologí­a,IGN,"100096"
"465","462",25 de Mayo,Misiones,25 de Mayo,"54119","1496",Ministerio de Ecologí­a,IGN,"30891"
"466","463",Oberá,Misiones,Oberá,"54091","1497",Ministerio de Ecologí­a,IGN,"121701"
"467","464",San Ignacio,Misiones,San Ignacio,"54098","1498",Ministerio de Ecologí­a,IGN,"63394"
"468","422",Castellanos,Santa Fe,Castellanos,"82021","1499",Servicio de Catastro e Información Territorial,IGN,"190577"
"469","423",Garay,Santa Fe,Garay,"82035","1500",Servicio de Catastro e Información Territorial,IGN,"24927"
"490","467",Concepción,Misiones,Concepción,"54035","1521",Ministerio de Ecologí­a,IGN,"10348"
"491","468",Apóstoles,Misiones,Apóstoles,"54007","1522",Ministerio de Ecologí­a,IGN,"50597"
"492","469",1° de Mayo,Chaco,1° de Mayo,"22126","1523",IDE Chaco,IGN,"14279"
"497","475",Lomas de Zamora,Buenos Aires,Lomas de Zamora,"06490","1528",ARBA - Gerencia de Servicios Catastrales,IGN,"690323"
"500","478",Libertad,Chaco,Libertad,"22077","1531",IDE Chaco,IGN,"13807"
"501","479",Comandante Fernández,Chaco,Comandante Fernández,"22021","1532",IDE Chaco,IGN,"101960"
"498","476",Avellaneda,Buenos Aires,Avellaneda,"06035","1529",ARBA - Gerencia de Servicios Catastrales,IGN,"367554"
"499","477",25 de Mayo,Chaco,25 de Mayo,"22168","1530",IDE Chaco,IGN,"32793"
"503","487",Rivadavia,San Juan,Rivadavia,"70084","1534",Direc. de Catastro,IGN,"101666"
"504","485",Comuna 15,Ciudad Autónoma de Buenos Aires,Comuna 15,"02105","1535",Direc. de Catastro,IGN,"196876"
"505","498",Caucete,San Juan,Caucete,"70035","1536",Direc. de Catastro,IGN,"44047"
"506","499",25 de Mayo,San Juan,25 de Mayo,"70126","1537",Direc. de Catastro,IGN,"20824"
"507","500",Sarmiento,San Juan,Sarmiento,"70105","1538",Direc. de Catastro,IGN,"27188"
"508","501",Calingasta,San Juan,Calingasta,"70021","1539",Direc. de Catastro,IGN,"11034"
"509","502",Iglesia,San Juan,Iglesia,"70049","1540",Direc. de Catastro,IGN,"8845"
"510","503",Jáchal,San Juan,Jáchal,"70056","1541",Direc. de Catastro,IGN,"25297"
"511","504",Valle Fértil,San Juan,Valle Fértil,"70119","1542",Direc. de Catastro,IGN,"8526"
"513","489",Rawson,San Juan,Rawson,"70077","1544",Direc. de Catastro,IGN,"136617"
"516","495",Albardón,San Juan,Albardón,"70007","1547",Direc. de Catastro,IGN,"31284"
"517","496",Angaco,San Juan,Angaco,"70014","1548",Direc. de Catastro,IGN,"10176"
"518","490",Pocito,San Juan,Pocito,"70070","1549",Direc. de Catastro,IGN,"72915"
"519","491",Zonda,San Juan,Zonda,"70133","1550",Direc. de Catastro,IGN,"6683"
"520","492",Ullum,San Juan,Ullum,"70112","1551",Direc. de Catastro,IGN,"6454"
"521","507",Santa Bárbara,Jujuy,Santa Bárbara,"38070","1552",Direc. Grl. de Inmuebles,IGN,"20499"
"522","508",Curuzú Cuatiá,Corrientes,Curuzú Cuatiá,"18035","1553",IGN,IGN,"51532"
"523","509",Pocho,Córdoba,Pocho,"14077","1554",IDE Cordoba,IGN,"5123"
"524","510",Ushuaia,"Tierra del Fuego, Antártida e Islas del Atlántico Sur",Ushuaia,"94015","1555",Gerencia de Catastro Pcial.,IGN,"80371"
"525","511",Islas del Atlántico Sur,"Tierra del Fuego, Antártida e Islas del Atlántico Sur",Islas del Atlántico Sur,"94021","1556",IGN,IGN,"0"
"526","512",San Fernando,Buenos Aires,San Fernando,"06749","1557",ARBA - Gerencia de Servicios Catastrales,IGN,"171616"
"527","497",San Martín,San Juan,San Martín,"70091","1558",Direc. de Catastro,IGN,"15037"
"528","505",La Plata,Buenos Aires,La Plata,"06441","1559",ARBA - Gerencia de Servicios Catastrales,IGN,"768470"
"529","506",Mercedes,Corrientes,Mercedes,"18105","1560",IGN,IGN,"49882"
